Language,Title,Short description,Full description
en-US,Chessko: Play & Learn Chess,"Play chess vs AI, solve tactical puzzles, review games, and learn openings.","Master the game of kings with Chessko – the modern, elegant, and powerful chess app designed for players of all skill levels!

Whether you are a beginner learning the basics or an experienced player honing your tactical skills, Chessko offers a complete, distraction-free chess experience with zero ads and full offline support.

🌟 KEY FEATURES:

♟️ PLAY VS ADVANCED AI & STOCKFISH
• 5 balanced difficulty levels: Beginner, Easy, Medium, Hard, and Master Stockfish.
• Instant real-time evaluation bar showing advantage and mate calculations.
• Intelligent move generation with fast, human-like play styles.

🧩 DAILY TACTICAL PUZZLES & MATE EXERCISES
• Challenge yourself with curated puzzles and checkmate exercises (Mate in 1, Mate in 2).
• Improve your tactical vision and pattern recognition.
• Instant hints, move verification, and step-by-step solutions.

📚 INTERACTIVE LEARN & OPENINGS EXPLORER
• Explore essential chess openings: Sicilian Defense, Ruy Lopez, French Defense, Queen's Gambit, and more.
• Interactive board demonstrations with deep tactical explanations.
• Learn opening principles, middle-game tactics, and endgame strategies.

⏱️ PROFESSIONAL CHESS CLOCK (DIGITAL TIMER)
• Turn your device into a tournament-grade chess clock for over-the-board play.
• Popular time controls: Bullet (1m), Blitz (3m, 5m), Rapid (10m, 15m), and Classical.
• Customizable increments (Fischer / delay), haptic feedback, and low-time sound warnings.

👥 PASS & PLAY (LOCAL 2-PLAYER)
• Play with friends on a single device with optional board auto-rotation.
• Move validation, capture counters, and move history list.

🔍 MOVE-BY-MOVE GAME REVIEW & PGN EXPORT
• Review completed games step-by-step with large, easy-to-use navigation controls.
• Real-time evaluation bar displaying positional advantage.
• Export games to standard PGN format to share with friends or analyze in external engines.

🎨 BEAUTIFUL THEMES & CUSTOMIZATION
• Clean, minimalist dark UI designed to reduce eye strain.
• Multiple premium board themes (Classic Wood, Modern Slate, Emerald, Ocean, Charcoal).
• Multiple piece styles and custom haptic sound effects.

🔒 100% PRIVATE & OFFLINE
• No account required, no internet connection needed.
• 100% on-device processing. No tracking, no ads, no data collection.

Download Chessko today and elevate your chess game anywhere, anytime!"
sr,Chessko: Šah i Puzle,"Igraj šah protiv AI, rešavaj zagonetke, analiziraj poteze i uči otvaranja.","Unapredi svoju igru uz Chessko – modernu, brzu i elegantnu šahovsku aplikaciju za igrače svih nivoa!

Bilo da tek učiš pravila i osnove ili si iskusan igrač koji želi da brusi taktiku, Chessko pruža kompletno šahovsko iskustvo bez reklama i sa potpunom podrškom za igru bez interneta (offline).

🌟 GLAVNE FUNKCIJE:

♟️ IGRAJ PROTIV RAČUNARA (AI) I STOCKFISH-A
• 5 izbalansiranih nivoa težine: Početnik, Lako, Srednje, Teško i Stockfish Majstor.
• Traka za procenu prednosti (Eval bar) u realnom vremenu uz proračun mata.
• Prirodan i dinamičan stil igre prilagođen tvom nivou.

🧩 ŠAHOVSKE ZAGONETKE I MAT VEŽBE
• Rešavaj taktičke zadatke i vežbe matiranja (Mat u 1, Mat u 2 poteza).
• Razvijaj taktički vid i prepoznavanje šablona na tabli.
• Brza provera poteza, saveti i korak-po-korak rešenja.

📚 UČI ŠAH I ISTRAŽI OTVARANJA
• Nauči popularna šahovska otvaranja: Sicilijanska odbrana, Španska partija, Francuska odbrana, Damin gambit i mnoga druga.
• Interaktivna demonstracija poteza na tabli uz detaljna objašnjenja.
• Principi otvaranja, taktike u središnjici i strategije završnice.

⏱️ PROFESIONALNI ŠAHOVSKI SAT (TIMER)
• Pretvori svoj telefon u pravi digitalni šahovski sat za partije uživo na fizičkoj tabli.
• Popularne vremenske kontrole: Bullet (1 min), Blic (3 min, 5 min), Rapid (10 min, 15 min) i Klasični šah.
• Podešavanje dodatnog vremena po potezu (inkrement/Fischer), zvučni signali i vibracija.

👥 IGRAJ SA PRIJATELJEM (2 IGRAČA NA JEDNOM UREĐAJU)
• Igraj partije uživo sa prijateljem uz opciju automatske rotacije table.
• Prikaz legalnih poteza, evidencija uzetih figura i istorija odigranih poteza.

🔍 PREGLED PARTIJE POTEZ PO POTEZ I PGN DELJENJE
• Analiziraj završene partije potez po potez uz krupne i pregledne kontrole.
• Linija procene prednosti koja jasno pokazuje ko je bio u prednosti.
• Eksportuj i podeli partiju u standardnom PGN formatu sa prijateljima.

🎨 PRELEPE TEME I PRILAGOĐAVANJE
• Minimalistički tamni dizajn prilagođen za ugodno igranje danju i noću.
• Više tema za tablu (Drvo, Grafit, Smaragd, Okean, Ugljen).
• Izbor stilova figura, zvučni efekti i taktilni odziv (vibracija).

🔒 100% PRIVATNO I OFFLINE
• Nije potreban nalog, niti internet konekcija.
• Bez reklama, bez praćenja i bez prikupljanja korisničkih podataka.

Preuzmi Chessko i uživaj u šahu gde god da se nalaziš!"
de-DE,Chessko: Schach & Rätsel,"Schach gegen KI spielen, Taktikrätsel lösen und Eröffnungen lernen.","Meistern Sie das Spiel der Könige mit Chessko – der modernen, eleganten und leistungsstarken Schach-App für Spieler aller Spielstärken!

Egal, ob Sie Anfänger sind oder ein erfahrener Clubspieler: Chessko bietet ein erstklassiges, werbefreies Schacherlebnis mit vollständiger Offline-Unterstützung.

🌟 HAUPTMERKMALE:

♟️ SCHACH GEGEN KI & STOCKFISH
• 5 ausgewogene Schwierigkeitsstufen: Anfänger, Leicht, Mittel, Schwer und Stockfish Meister.
• Echtzeit-Bewertungsbalken (Eval Bar) mit Matt-Berechnung.
• Leistungsstarke Schach-Engine mit menschlichem Spielgefühl.

🧩 TAKTIKRÄTSEL & MATT-AUFGABEN
• Lösen Sie täglich Taktikaufgaben und Matt-in-1 / Matt-in-2 Übungen.
• Verbessern Sie Ihr taktisches Sehvermögen und Mustererkennung.
• Sofortige Zugprüfung, Tipps und Schritt-für-Schritt-Lösungen.

📚 INTERAKTIVES LERNEN & ERÖFFNUNGEN
• Entdecken Sie wichtige Schacheröffnungen: Sizilianisch, Spanisch (Ruy Lopez), Französisch, Damengambit und mehr.
• Interaktive Brett-Demonstrationen mit taktischen Erklärungen.

⏱️ PROFESSIONELLE SCHACHUHR
• Verwandeln Sie Ihr Gerät in eine vollwertige Schachuhr für Partien am echten Brett.
• Bullet (1m), Blitz (3m, 5m), Rapid (10m, 15m) und frei einstellbare Inkremente (Fischer).

👥 LOKALES SPIEL (2 SPIELER AUF EINEM GERÄT)
• Spielen Sie mit Freunden auf einem Gerät mit automatischer Brettdrehung.

🔍 ZUG-FÜR-ZUG PARTIEANALYSE & PGN-EXPORT
• Navigieren Sie Zug für Zug durch beendete Partien.
• PGN-Export zum Teilen und Analysieren.

🎨 THEMEN & ANPASSUNG
• Mehrere Brett-Themen (Holz, Schiefer, Smaragd, Ozean).
• Elegante Figurenstile und hochwertige Soundeffekte.

🔒 100% PRIVAT & OFFLINE
• Ohne Registrierung, ohne Werbung und ohne Datenübertragung.

Laden Sie Chessko jetzt herunter und verbessern Sie Ihr Schachspiel!"
fr-FR,Chessko: Jeu d'échecs,"Jouez aux échecs contre l'IA, résolvez des puzzles et apprenez les ouvertures.","Maîtrisez le jeu des rois avec Chessko – l'application d'échecs moderne, élégante et fluide pour tous les passionnés !

Que vous soyez débutant ou joueur confirmé, Chessko vous offre une expérience de jeu complète, 100% hors-ligne et sans aucune publicité.

🌟 FONCTIONNALITÉS PRINCIPALES :

♟️ JOUEZ CONTRE L'IA ET STOCKFISH
• 5 niveaux de difficulté adaptés : Débutant, Facile, Moyen, Difficile et Maître Stockfish.
• Barre d'évaluation en temps réel indiquant l'avantage et les mats forcés.

🧩 PUZZLES TACTIQUES & EXERCICES DE MAT
• Résolvez des problèmes tactiques quotidiens (Mat en 1, Mat en 2).
• Développez votre vision du jeu et vos réflexes tactiques.

📚 APPRENTISSAGE ET EXPLORATEUR D'OUVERTURES
• Découvrez les grandes ouvertures : Sicilienne, Ruy Lopez, Française, Gambit Dame, etc.
• Explications interactives sur l'échiquier.

⏱️ PENDULE D'ÉCHECS PROFESSIONNELLE
• Transformez votre téléphone en véritable pendule de tournoi.
• Cadences : Bullet (1 min), Blitz (3 min, 5 min), Rapide (10 min, 15 min) avec incréments.

👥 MODE 2 JOUEURS LOCAL
• Jouez face à face sur le même écran avec rotation automatique de l'échiquier.

🔍 ANALYSE COUP PAR COUP & EXPORT PGN
• Rejouez et analysez vos parties coup par coup.
• Exportez vos parties au format PGN pour les partager.

🎨 PERSONNALISATION ET THÈMES
• Thèmes d'échiquier variés (Bois classique, Ardoise, Émeraude, Océan).
• Effets sonores immersifs et retour haptique.

🔒 100% PRIVÉ ET HORS-LIGNE
• Sans publicité, sans création de compte, sans collecte de données.

Téléchargez Chessko dès aujourd'hui et jouez aux échecs partout !"
es-ES,Chessko: Ajedrez & Puzzles,"Juega ajedrez contra la IA, resuelve puzles y aprende aperturas clásicas.","¡Domina el juego de reyes con Chessko! La aplicación de ajedrez moderna, elegante y potente diseñada para jugadores de todos los niveles.

Disfruta de una experiencia de ajedrez pura, sin publicidad y totalmente funcional sin conexión a internet.

🌟 CARACTERÍSTICAS PRINCIPALES:

♟️ JUEGA CONTRA LA IA Y STOCKFISH
• 5 niveles de dificultad: Principiante, Fácil, Medio, Difícil y Maestro Stockfish.
• Barra de evaluación en tiempo real con cálculo de jaque mate.

🧩 PUZLES TÁCTICOS Y EJERCICIOS DE MATE
• Resuelve problemas tácticos y ejercicios de Jaque Mate en 1 y Mate en 2.
• Mejora tu visión táctica con soluciones paso a paso.

📚 APRENDIZAJE Y EXPLORADOR DE APERTURAS
• Aprende las aperturas más populares: Siciliana, Ruy López, Francesa, Gambito de Dama, etc.

⏱️ RELOJ DE AJEDREZ PROFESIONAL
• Convierte tu dispositivo en un reloj digital para partidas en tablero real.
• Modos Bullet, Blitz, Rápido y Clásico con incrementos configurables (Fischer).

👥 MODO 2 JUGADORES LOCAL (PASA Y JUEGA)
• Juega con amigos en el mismo dispositivo con rotación automática del tablero.

🔍 REVISIÓN JUGADA A JUGADA Y EXPORTACIÓN PGN
• Analiza tus partidas jugada a jugada con controles intuitivos.
• Exporta partidas en formato PGN estándar.

🎨 TEMAS ELEGANTES Y PERSONALIZACIÓN
• Varios temas de tablero (Madera, Pizarra, Esmeralda, Océano) y estilos de piezas.

🔒 100% PRIVADO Y SIN CONEXIÓN
• Sin anuncios, sin registro y sin recopilación de datos.

¡Descarga Chessko ahora y lleva tu ajedrez al siguiente nivel!"
it-IT,Chessko: Scacchi & Puzzle,"Gioca a scacchi contro l'IA, risolvi puzzle e impara le aperture.","Migliora il tuo gioco con Chessko, l'app di scacchi moderna, elegante e senza pubblicità per giocatori di ogni livello!

🌟 CARATTERISTICHE PRINCIPALI:

♟️ GIOCA CONTRO L'IA E STOCKFISH
• 5 livelli di difficoltà: Principiante, Facile, Medio, Difficile e Maestro Stockfish.
• Barra di valutazione in tempo reale con calcolo del matto.

🧩 PUZZLE TATTICI ED ESERCIZI DI MATTO
• Risolvi puzzle quotidiani di scacco matto in 1 e matto in 2 mosse.

📚 IMPARA LE APERTURE DEGLI SCACCHI
• Esplora le aperture più celebri: Siciliana, Spagnola, Francese, Gambetto di Donna e molte altre.

⏱️ OROLOGIO DA SCACCHI DIGITALE
• Orologio professionale per partite dal vivo (Bullet, Blitz, Rapid, incrementi Fischer).

👥 MODALITÀ 2 GIOCATORI SULLO STESSO DISPOSITIVO
• Gioca faccia a faccia con rotazione automatica della scacchiera.

🔍 ANALISI MOSSA PER MOSSA ED ESPORTAZIONE PGN
• Rivedi le partite mossa per mossa ed esporta in formato PGN.

🔒 100% OFFLINE E PRIVATO
• Nessuna pubblicità, nessun account richiesto, nessun tracciamento.

Scarica Chessko e gioca a scacchi ovunque ti trovi!"
ru-RU,Chessko: Шахматы и Задачи,"Шахматы против ИИ, тактические задачи, анализ партий и обучение.","Совершенствуйте свое мастерство в шахматах с Chessko – современным, быстрым и элегантным приложением для игроков любого уровня!

Играйте без рекламы и без подключения к интернету.

🌟 ГЛАВНЫЕ ВОЗМОЖНОСТИ:

♟️ ИГРА ПРОТИВ ИИ И STOCKFISH
• 5 уровней сложности: Новичок, Легкий, Средний, Сложный и Гроссмейстер Stockfish.
• Шкала оценки позиции (Eval Bar) в реальном времени с расчетом мата.

🧩 ТАКТИЧЕСКИЕ ЗАДАЧИ И МАТ В 1-2 ХОДА
• Решайте шахматные задачи на мат в 1 и мат в 2 хода.
• Развивайте комбинационное зрение и находите лучшие ходы.

📚 ИНТЕРАКТИВНОЕ ОБУЧЕНИЕ И ДЕБЮТЫ
• Изучайте классические дебюты: Сицилианская защита, Испанская партия, Французская защита, Ферзевый гамбит и др.

⏱️ ШАХМАТНЫЕ ЧАСЫ (ТАЙМЕР)
• Полнофункциональные часы для игры на реальной доске: Пуля, Блиц, Рапид с контролем времени Фишера.

👥 РЕЖИМ ДЛЯ ДВУХ ИГРОКОВ (НА ОДНОМ ЭКРАНЕ)
• Играйте с друзьями на одном устройстве с автоповоротом доски.

🔍 АНАЛИЗ ПАРТИИ ХОД ЗА ХОДОМ И ЭКСПОРТ PGN
• Удобный пошаговый просмотр сыгранных партий и экспорт в PGN.

🔒 100% ПРИВАТНОСТЬ И OFFLINE
• Без рекламы, без регистрации и без сбора персональных данных.

Скачивайте Chessko и играйте в шахматы с удовольствием!"
zh-CN,Chessko：国际象棋与残局解谜,与AI下国际象棋，解答战术残局，复盘分析对局并学习经典开局。,"与 Chessko 一起探索国际象棋的无穷魅力！这是一款专为各级别棋手打造的现代、优雅且功能强大的国际象棋应用。

完全支持离线游玩，零广告打扰，提供最纯粹的下棋体验。

🌟 核心特色：

♟️ 人机对战与 Stockfish 引擎
• 5个难度等级：初学者、简单、中等、困难及 Stockfish 大师级。
• 实时局面评估条，精准显示优劣势与杀棋步数。

🧩 战术残局与一步/两步杀练习
• 精选残局题目，锻炼战术敏锐度与杀王技巧。

📚 开局库探索与互动学习
• 学习经典开局：西西里防御、西班牙开局、法兰西防御、后翼弃兵等。

⏱️ 专业双人对弈棋钟
• 将手机变身专业赛事棋钟，支持超快棋、快棋及菲舍尔加秒规则。

👥 同屏双人对战
• 随时随地与好友同屏下棋，支持棋盘自动旋转。

🔍 步步复盘与 PGN 导出
• 清晰大按键逐步复盘，轻松导出标准 PGN 棋谱。

🔒 100% 离线与隐私安全
• 无需联网，无任何广告，绝不收集个人隐私数据。

立即下载 Chessko，随时随地开启对局！"
hi-IN,Chessko: शतरंज और पहेलियाँ,"AI के खिलाफ शतरंज खेलें, पहेलियाँ हल करें और चालें सीखें।","Chessko के साथ शतरंज के खेल में महारत हासिल करें – एक आधुनिक, सुंदर और शक्तिशाली शतरंज ऐप!

बिना किसी विज्ञापन और बिना इंटरनेट के खेलें।

🌟 मुख्य विशेषताएं:

♟️ AI और Stockfish के खिलाफ खेलें
• 5 कठिनाई स्तर: शुरुआती, आसान, मध्यम, कठिन और मास्टर स्टॉकफिश।
• वास्तविक समय की मूल्यांकन पट्टी (Eval Bar)।

🧩 दैनिक पहेलियाँ और शह-मात अभ्यास
• 1 चाल में मात और 2 चालों में मात का अभ्यास करें।

📚 शतरंज की शुरुआत (Openings) सीखें
• सिसिलियन, रुई लोपेज़, फ्रेंच डिफेंस और क्वीन गैम्बिट जैसी प्रसिद्ध चालें सीखें।

⏱️ पेशेवर शतरंज घड़ी (Chess Clock)
• वास्तविक बोर्ड पर खेलने के लिए बुलेट, ब्लिट्ज और रैपिड टाइमर।

👥 2 खिलाड़ियों का स्थानीय मोड
• एक ही फोन पर अपने दोस्त के साथ आमने-सामने खेलें।

🔍 चाल-दर-चाल समीक्षा और PGN शेयर
• अपनी खेल की समीक्षा करें और PGN फॉर्मेट में दोस्तों के साथ साझा करें।

🔒 100% सुरक्षित और ऑफलाइन
• कोई विज्ञापन नहीं, कोई डेटा संग्रह नहीं।

आज ही Chessko डाउनलोड करें और कहीं भी शतरंज खेलें!"
